Campaign,Campaign Type,Status,Budget,Bid Strategy Type,Networks,Location,Language,EU political ads,Ad Group,Max CPC,Keyword,Criterion Type,Ad Type,Headline 1,Headline 2,Headline 3,Headline 4,Headline 5,Headline 6,Headline 7,Headline 8,Headline 9,Headline 10,Headline 11,Headline 12,Headline 13,Headline 14,Headline 15,Description 1,Description 2,Description 3,Description 4,Final URL,Path 1,Path 2
QUANTUM - Diaspora Investors (Search),Search,Paused,25,Maximize clicks,Google search,,en,no,,,,,,,,,,,,,,,,,,,,,,,,,,,
QUANTUM - Diaspora Investors (Search),Search,,25,,,United States,,no,,,,,,,,,,,,,,,,,,,,,,,,,,,
QUANTUM - Diaspora Investors (Search),Search,,25,,,Canada,,no,,,,,,,,,,,,,,,,,,,,,,,,,,,
QUANTUM - Diaspora Investors (Search),Search,,25,,,United Kingdom,,no,,,,,,,,,,,,,,,,,,,,,,,,,,,
QUANTUM - Diaspora Investors (Search),Search,,25,,,Australia,,no,,,,,,,,,,,,,,,,,,,,,,,,,,,
QUANTUM - Diaspora Investors (Search),,,,,,,,,Invest Israel RE,,,,,,,,,,,,,,,,,,,,,,,,,,
QUANTUM - Diaspora Investors (Search),,,,,,,,,Invest Israel RE,,invest in israeli real estate,Phrase,,,,,,,,,,,,,,,,,,,,,,
QUANTUM - Diaspora Investors (Search),,,,,,,,,Invest Israel RE,,buy property in israel from abroad,Phrase,,,,,,,,,,,,,,,,,,,,,,
QUANTUM - Diaspora Investors (Search),,,,,,,,,Invest Israel RE,,israeli real estate for foreigners,Phrase,,,,,,,,,,,,,,,,,,,,,,
QUANTUM - Diaspora Investors (Search),,,,,,,,,Invest Israel RE,,buy apartment in israel,Phrase,,,,,,,,,,,,,,,,,,,,,,
QUANTUM - Diaspora Investors (Search),,,,,,,,,Invest Israel RE,,israel real estate investment,Phrase,,,,,,,,,,,,,,,,,,,,,,
QUANTUM - Diaspora Investors (Search),,,,,,,,,Invest Israel RE,,[invest in israel real estate],Exact,,,,,,,,,,,,,,,,,,,,,,
QUANTUM - Diaspora Investors (Search),,,,,,,,,Invest Israel RE,,,,Responsive search ad,Invest in Israeli Real Estate,Off-Market Apartments in Israel,Own a Home in the Homeland,Buy Property in Israel,For Diaspora Investors,Boutique Israel RE Brokerage,We Handle Everything Remotely,Hand-Picked Off-Market Deals,Trusted by Foreign Buyers,Your Foothold in Israel,Free Off-Market Shortlist,English-Speaking Experts,Urban Renewal Upside,Buy From Abroad Securely,Israeli Property Done Right,Boutique brokerage helping diaspora Jews invest in Israeli real estate.,Get our hand-picked off-market shortlist. Full service and remote in English.,From shortlist to signing we manage the entire process for you.,Vetted off-market apartments with real upside. Leave details for instant access.,https://u-r-quantum.com/shortlist?utm_source=google&utm_medium=cpc,invest,israel
QUANTUM - Diaspora Investors (Search),,,,,,,,,Pinui-Binui & Urban Renewal,,,,,,,,,,,,,,,,,,,,,,,,,,
QUANTUM - Diaspora Investors (Search),,,,,,,,,Pinui-Binui & Urban Renewal,,pinui binui investment,Phrase,,,,,,,,,,,,,,,,,,,,,,
QUANTUM - Diaspora Investors (Search),,,,,,,,,Pinui-Binui & Urban Renewal,,israel urban renewal property,Phrase,,,,,,,,,,,,,,,,,,,,,,
QUANTUM - Diaspora Investors (Search),,,,,,,,,Pinui-Binui & Urban Renewal,,off market israel apartments,Phrase,,,,,,,,,,,,,,,,,,,,,,
QUANTUM - Diaspora Investors (Search),,,,,,,,,Pinui-Binui & Urban Renewal,,tama 38 investment,Phrase,,,,,,,,,,,,,,,,,,,,,,
QUANTUM - Diaspora Investors (Search),,,,,,,,,Pinui-Binui & Urban Renewal,,urban renewal israel investment,Phrase,,,,,,,,,,,,,,,,,,,,,,
QUANTUM - Diaspora Investors (Search),,,,,,,,,Pinui-Binui & Urban Renewal,,,,Responsive search ad,Pinui-Binui for Foreign Buyers,Off-Market Urban-Renewal Deals,Israeli Urban Renewal Upside,Invest Before Prices Reset,Hand-Picked Renewal Compounds,Boutique Israel RE Brokerage,We Handle Everything Remotely,Below-Market Entry Points,Trusted by Diaspora Investors,Your Foothold in Israel,Free Off-Market Shortlist,English-Speaking Experts,Tama 38 & Pinui-Binui,Buy From Abroad Securely,Israeli Property Done Right,Invest in Israeli urban-renewal apartments priced below market.,Hand-picked Pinui-Binui deals. Full service and remote in English.,We track the compounds and flag the mispriced ones for you.,Vetted off-market apartments with real upside. Leave details for instant access.,https://u-r-quantum.com/shortlist?utm_source=google&utm_medium=cpc,pinui-binui,israel
QUANTUM - Diaspora Investors (Search),,,,,,,,,Diaspora & Aliyah Buyers,,,,,,,,,,,,,,,,,,,,,,,,,,
QUANTUM - Diaspora Investors (Search),,,,,,,,,Diaspora & Aliyah Buyers,,buy home in israel from usa,Phrase,,,,,,,,,,,,,,,,,,,,,,
QUANTUM - Diaspora Investors (Search),,,,,,,,,Diaspora & Aliyah Buyers,,apartment in israel for foreign jews,Phrase,,,,,,,,,,,,,,,,,,,,,,
QUANTUM - Diaspora Investors (Search),,,,,,,,,Diaspora & Aliyah Buyers,,aliyah real estate,Phrase,,,,,,,,,,,,,,,,,,,,,,
QUANTUM - Diaspora Investors (Search),,,,,,,,,Diaspora & Aliyah Buyers,,buying property in israel as a jew,Phrase,,,,,,,,,,,,,,,,,,,,,,
QUANTUM - Diaspora Investors (Search),,,,,,,,,Diaspora & Aliyah Buyers,,,,Responsive search ad,A Home in Israel for Your Family,Invest in the Homeland,Off-Market Apartments in Israel,For Diaspora Jewish Buyers,Boutique Israel RE Brokerage,We Handle Everything Remotely,Hand-Picked Off-Market Deals,Your Foothold in Israel,Trusted by Foreign Buyers,Free Off-Market Shortlist,English-Speaking Experts,Buy From Abroad Securely,Plan Your Aliyah Investment,Israeli Property Done Right,Own a Piece of Israel,A boutique team helping diaspora Jews buy property in Israel.,Hand-picked off-market apartments. Full service and remote in English.,From shortlist to signing we manage the whole process for you.,Vetted deals with real upside. Leave your details for instant access.,https://u-r-quantum.com/shortlist?utm_source=google&utm_medium=cpc,israel,aliyah
